{
    "location": {
        "lattitude": 41.2033216,
        "longitude": -77.19452469999999
    }
}